{ 
    "user_rb": "rb079895", "pass_rb": "People_Are_Strange_1967", 
    "user_siebel": "rb079895", "pass_siebel": "Vjq_yjdsq_gfhjkm_2021", 
    "user_risk": "rb079895", "pass_risk": "People_Are_Strange_1967",
    "user_hive": "rbsdq_odpp", "pass_hive": "F}zBF4m2", 
    "user_kxd": "rbsdq_cdwh", "pass_kxd": "DataQuality123456", 
    "user_gp": "rbsdq_gp", "pass_gp": "2QX4J*}g", 
    "user_hist": "hist_ro", "pass_hist": "hist_ro", 
    "user_dq_prof": "dq_prof", "pass_dq_prof": "dqprof", 
    "user_dq_prof_ro": "dq_prof_ro", "pass_dq_prof_ro": "dqprofro",
    "user_ranger":"dqa_user","pass_ranger":"PYgPtka0MkqhESnOA6Gz",
    "user_dg_bi_rdt":"rbsdg_bi_rdt","pass_dg_bi_rdt":"J79D2aRe",
    "user_karen":"dg_mysql_karen","pass_karen":""
}